dayofyear,retail_and_recreation_percent_change_from_baseline,grocery_and_pharmacy_percent_change_from_baseline,parks_percent_change_from_baseline,transit_stations_percent_change_from_baseline,workplaces_percent_change_from_baseline,residential_percent_change_from_baseline,Agriculture,Energy,Industrial Processes,Land-Use Change and Forestry,Waste,transport_emissions,date,power_emissions
46,7.0,4.0,-1.0,1.0,6.0,0.0,53.30333333,74.66,7.271111111000001,-7.337407407000001,10.3037037,0.3749778259666667,2020-02-15,0.34235285530000015
47,3.0,5.0,-2.0,-3.0,1.0,1.0,53.30333333,74.66,7.271111111000001,-7.337407407000001,10.3037037,0.3304046504928572,2020-02-16,0.44238084900000013
48,-1.0,0.0,-3.0,-2.0,8.0,1.0,53.30333333,74.66,7.271111111000001,-7.337407407000001,10.3037037,0.36973926605,2020-02-17,0.41758370120000005
49,0.0,1.0,-3.0,0.0,5.0,0.0,53.30333333,74.66,7.271111111000001,-7.337407407000001,10.3037037,0.3813956165,2020-02-18,0.3557940892000001
50,-3.0,-3.0,-4.0,-6.0,5.0,1.0,53.30333333,74.66,7.271111111000001,-7.337407407000001,10.3037037,0.37181026045,2020-02-19,0.34055316999999996
51,-2.0,-2.0,-5.0,-5.0,6.0,0.0,53.30333333,74.66,7.271111111000001,-7.337407407000001,10.3037037,0.36962837839999985,2020-02-20,0.35873538800000004
52,-2.0,-2.0,-8.0,-6.0,8.0,1.0,53.30333333,74.66,7.271111111000001,-7.337407407000001,10.3037037,0.3742751353499999,2020-02-21,0.3622882826
53,1.0,0.0,-1.0,-1.0,7.0,0.0,53.30333333,74.66,7.271111111000001,-7.337407407000001,10.3037037,0.37316520819999993,2020-02-22,0.3662181832000001
54,-3.0,0.0,0.0,-7.0,2.0,1.0,53.30333333,74.66,7.271111111000001,-7.337407407000001,10.3037037,0.32604743494999994,2020-02-23,0.3343764914
55,1.0,-1.0,6.0,-4.0,4.0,1.0,53.30333333,74.66,7.271111111000001,-7.337407407000001,10.3037037,0.36375265415,2020-02-24,0.3743398905999999
56,0.0,-2.0,11.0,-18.0,-43.0,11.0,53.30333333,74.66,7.271111111000001,-7.337407407000001,10.3037037,0.33720849400000014,2020-02-25,0.39252639660000005
57,-3.0,-1.0,0.0,-3.0,6.0,0.0,53.30333333,74.66,7.271111111000001,-7.337407407000001,10.3037037,0.3691544923999999,2020-02-26,0.3292948636499999
58,-2.0,-1.0,-4.0,-6.0,6.0,0.0,53.30333333,74.66,7.271111111000001,-7.337407407000001,10.3037037,0.36236175239999996,2020-02-27,0.36253255485
59,-1.0,1.0,-6.0,-6.0,8.0,0.0,53.30333333,74.66,7.271111111000001,-7.337407407000001,10.3037037,0.36302476559999997,2020-02-28,0.34555710665000006
60,5.0,6.0,-1.0,0.0,9.0,0.0,53.30333333,74.66,7.271111111000001,-7.337407407000001,10.3037037,0.3772535956000001,2020-02-29,0.3585799033500002
61,2.0,7.0,0.0,-5.0,5.0,1.0,53.30333333,74.66,7.271111111000001,-7.337407407000001,10.3037037,0.36029648735,2020-03-01,0.38656432365
62,0.0,2.0,-2.0,-5.0,9.0,0.0,53.30333333,74.66,7.271111111000001,-7.337407407000001,10.3037037,0.37513788201666665,2020-03-02,0.36087809625
63,1.0,2.0,-2.0,-4.0,7.0,0.0,53.30333333,74.66,7.271111111000001,-7.337407407000001,10.3037037,0.37805607715,2020-03-03,0.36076706044999995
64,-1.0,2.0,-1.0,-7.0,6.0,1.0,53.30333333,74.66,7.271111111000001,-7.337407407000001,10.3037037,0.3691718189,2020-03-04,0.38381498664999997
65,0.0,2.0,-3.0,-6.0,7.0,0.0,53.30333333,74.66,7.271111111000001,-7.337407407000001,10.3037037,0.36828275275000005,2020-03-05,0.36254699965
66,-3.0,-1.0,-9.0,-8.0,8.0,1.0,53.30333333,74.66,7.271111111000001,-7.337407407000001,10.3037037,0.35995915009999996,2020-03-06,0.35610351784999994
67,0.0,2.0,-1.0,-4.0,7.0,1.0,53.30333333,74.66,7.271111111000001,-7.337407407000001,10.3037037,0.36495450127380946,2020-03-07,0.36944421184999987
68,-4.0,2.0,-2.0,-9.0,3.0,1.0,53.30333333,74.66,7.271111111000001,-7.337407407000001,10.3037037,0.3241564417604762,2020-03-08,0.2696813015299999
69,-3.0,1.0,-1.0,-7.0,7.0,1.0,53.30333333,74.66,7.271111111000001,-7.337407407000001,10.3037037,0.36127796041380944,2020-03-09,0.32419192804999997
70,-4.0,3.0,-5.0,-11.0,-4.0,3.0,53.30333333,74.66,7.271111111000001,-7.337407407000001,10.3037037,0.32650418285714294,2020-03-10,0.25104326359999996
71,-8.0,5.0,-6.0,-17.0,-5.0,4.0,53.30333333,74.66,7.271111111000001,-7.337407407000001,10.3037037,0.33011195105714286,2020-03-11,0.24718545519999996
72,-8.0,8.0,-8.0,-17.0,-6.0,5.0,53.30333333,74.66,7.271111111000001,-7.337407407000001,10.3037037,0.325098752457143,2020-03-12,0.27619647740000003
73,-12.0,9.0,-16.0,-17.0,-9.0,7.0,53.30333333,74.66,7.271111111000001,-7.337407407000001,10.3037037,0.3303052784371429,2020-03-13,0.2550689958
74,-18.0,5.0,-20.0,-15.0,-6.0,6.0,53.30333333,74.66,7.271111111000001,-7.337407407000001,10.3037037,0.31826278058000007,2020-03-14,0.23015986219999995
75,-40.0,-10.0,-29.0,-42.0,-10.0,11.0,53.30333333,74.66,7.271111111000001,-7.337407407000001,10.3037037,0.26918354186666665,2020-03-15,0.28789071600000005
76,-34.0,-4.0,-18.0,-42.0,-31.0,15.0,53.30333333,74.66,7.271111111000001,-7.337407407000001,10.3037037,0.2848582881666667,2020-03-16,0.29048260780000007
77,-57.0,-21.0,-30.0,-63.0,-55.0,24.0,53.30333333,74.66,7.271111111000001,-7.337407407000001,10.3037037,0.22222008749999997,2020-03-17,0.29841791545714286
78,-66.0,-36.0,-36.0,-72.0,-62.0,28.0,53.30333333,74.66,7.271111111000001,-7.337407407000001,10.3037037,0.18455658933333333,2020-03-18,0.28848474789999995
79,-69.0,-41.0,-39.0,-75.0,-65.0,30.0,53.30333333,74.66,7.271111111000001,-7.337407407000001,10.3037037,0.18037056723999992,2020-03-19,0.17042361079999999
80,-73.0,-45.0,-47.0,-79.0,-66.0,33.0,53.30333333,74.66,7.271111111000001,-7.337407407000001,10.3037037,0.1746795736,2020-03-20,0.17130313649999995
81,-75.0,-48.0,-52.0,-78.0,-57.0,27.0,53.30333333,74.66,7.271111111000001,-7.337407407000001,10.3037037,0.17515321353333335,2020-03-21,0.16465039496666667
82,-79.0,-53.0,-56.0,-79.0,-50.0,24.0,53.30333333,74.66,7.271111111000001,-7.337407407000001,10.3037037,0.17860644700000006,2020-03-22,0.1549955508666667
83,-75.0,-50.0,-45.0,-81.0,-69.0,33.0,53.30333333,74.66,7.271111111000001,-7.337407407000001,10.3037037,0.17330174779999993,2020-03-23,0.2061826419666667
84,-76.0,-51.0,-47.0,-81.0,-71.0,33.0,53.30333333,74.66,7.271111111000001,-7.337407407000001,10.3037037,0.1692556122,2020-03-24,0.2130522830666667
85,-76.0,-51.0,-46.0,-81.0,-72.0,34.0,53.30333333,74.66,7.271111111000001,-7.337407407000001,10.3037037,0.1672495861999999,2020-03-25,0.21493026046666666
86,-76.0,-52.0,-47.0,-81.0,-72.0,34.0,53.30333333,74.66,7.271111111000001,-7.337407407000001,10.3037037,0.1672495861999999,2020-03-26,0.2142894958
87,-77.0,-51.0,-52.0,-83.0,-72.0,37.0,53.30333333,74.66,7.271111111000001,-7.337407407000001,10.3037037,0.16432742099999995,2020-03-27,0.20761488679999998
88,-78.0,-53.0,-56.0,-82.0,-62.0,30.0,53.30333333,74.66,7.271111111000001,-7.337407407000001,10.3037037,0.16250866033333333,2020-03-28,0.16542775580000002
89,-81.0,-59.0,-59.0,-82.0,-54.0,26.0,53.30333333,74.66,7.271111111000001,-7.337407407000001,10.3037037,0.16603030713333336,2020-03-29,0.1480950915
90,-79.0,-59.0,-48.0,-84.0,-73.0,35.0,53.30333333,74.66,7.271111111000001,-7.337407407000001,10.3037037,0.1610286193333333,2020-03-30,0.20578632833333332
91,-79.0,-57.0,-49.0,-83.0,-74.0,35.0,53.30333333,74.66,7.271111111000001,-7.337407407000001,10.3037037,0.16059235159999996,2020-03-31,0.20486261620000004
92,-79.0,-58.0,-48.0,-84.0,-74.0,35.0,53.30333333,74.66,7.271111111000001,-7.337407407000001,10.3037037,0.15950272353333328,2020-04-01,0.20670743693333335
93,-80.0,-58.0,-49.0,-84.0,-74.0,36.0,53.30333333,74.66,7.271111111000001,-7.337407407000001,10.3037037,0.15788093533333328,2020-04-02,0.20681485260000002
94,-80.0,-58.0,-54.0,-85.0,-73.0,39.0,53.30333333,74.66,7.271111111000001,-7.337407407000001,10.3037037,0.14661561053333327,2020-04-03,0.20480902920000005
95,-80.0,-58.0,-57.0,-84.0,-63.0,31.0,53.30333333,74.66,7.271111111000001,-7.337407407000001,10.3037037,0.1556802135333333,2020-04-04,0.16242967709999998
96,-82.0,-62.0,-60.0,-84.0,-54.0,26.0,53.30333333,74.66,7.271111111000001,-7.337407407000001,10.3037037,0.15505123440000002,2020-04-05,0.14387123527727272
97,-78.0,-57.0,-48.0,-84.0,-72.0,35.0,53.30333333,74.66,7.271111111000001,-7.337407407000001,10.3037037,0.1572551729333333,2020-04-06,0.20514464840000002
98,-77.0,-54.0,-48.0,-83.0,-74.0,35.0,53.30333333,74.66,7.271111111000001,-7.337407407000001,10.3037037,0.15989833899999994,2020-04-07,0.2055817624
99,-76.0,-50.0,-47.0,-83.0,-74.0,34.0,53.30333333,74.66,7.271111111000001,-7.337407407000001,10.3037037,0.16009838979999994,2020-04-08,0.20329338300000002
100,-85.0,-65.0,-51.0,-86.0,-80.0,38.0,53.30333333,74.66,7.271111111000001,-7.337407407000001,10.3037037,0.13445604773333325,2020-04-09,0.20217071000000003
101,-90.0,-78.0,-59.0,-90.0,-82.0,43.0,53.30333333,74.66,7.271111111000001,-7.337407407000001,10.3037037,0.12699101833333326,2020-04-10,0.1511670278
102,-82.0,-60.0,-59.0,-86.0,-67.0,32.0,53.30333333,74.66,7.271111111000001,-7.337407407000001,10.3037037,0.15623032593333325,2020-04-11,0.15111471882727268
103,-82.0,-62.0,-60.0,-84.0,-55.0,26.0,53.30333333,74.66,7.271111111000001,-7.337407407000001,10.3037037,0.1525026884,2020-04-12,0.14270947647727275
104,-76.0,-53.0,-47.0,-83.0,-71.0,35.0,53.30333333,74.66,7.271111111000001,-7.337407407000001,10.3037037,0.16218528199999993,2020-04-13,0.15427483379999996
105,-76.0,-52.0,-48.0,-82.0,-73.0,35.0,53.30333333,74.66,7.271111111000001,-7.337407407000001,10.3037037,0.1615744711999999,2020-04-14,0.153641129
106,-76.0,-53.0,-48.0,-83.0,-72.0,35.0,53.30333333,74.66,7.271111111000001,-7.337407407000001,10.3037037,0.15691506819999995,2020-04-15,0.15327143379999997
107,-77.0,-54.0,-48.0,-84.0,-72.0,36.0,53.30333333,74.66,7.271111111000001,-7.337407407000001,10.3037037,0.15649321113333328,2020-04-16,0.15255634559999998
108,-79.0,-56.0,-53.0,-85.0,-71.0,39.0,53.30333333,74.66,7.271111111000001,-7.337407407000001,10.3037037,0.14260797233333328,2020-04-17,0.1528970384
109,-81.0,-61.0,-60.0,-84.0,-62.0,30.0,53.30333333,74.66,7.271111111000001,-7.337407407000001,10.3037037,0.14845581733333327,2020-04-18,0.15033770366727273
110,-83.0,-66.0,-63.0,-85.0,-54.0,26.0,53.30333333,74.66,7.271111111000001,-7.337407407000001,10.3037037,0.1453594733,2020-04-19,0.14538889127727275
111,-78.0,-58.0,-50.0,-84.0,-71.0,35.0,53.30333333,74.66,7.271111111000001,-7.337407407000001,10.3037037,0.15613696113333328,2020-04-20,0.15193578719999998
112,-79.0,-60.0,-51.0,-84.0,-72.0,35.0,53.30333333,74.66,7.271111111000001,-7.337407407000001,10.3037037,0.15272284933333327,2020-04-21,0.15153635239999996
113,-80.0,-62.0,-51.0,-85.0,-72.0,35.0,53.30333333,74.66,7.271111111000001,-7.337407407000001,10.3037037,0.14975702173333325,2020-04-22,0.1505608672
114,-80.0,-62.0,-53.0,-85.0,-72.0,36.0,53.30333333,74.66,7.271111111000001,-7.337407407000001,10.3037037,0.14882153693333325,2020-04-23,0.1510829806
115,-81.0,-63.0,-57.0,-86.0,-71.0,38.0,53.30333333,74.66,7.271111111000001,-7.337407407000001,10.3037037,0.14387836693333322,2020-04-24,0.146777046
116,-81.0,-62.0,-60.0,-85.0,-61.0,31.0,53.30333333,74.66,7.271111111000001,-7.337407407000001,10.3037037,0.14515965213333326,2020-04-25,0.15008067962727276
117,-84.0,-69.0,-63.0,-85.0,-53.0,27.0,53.30333333,74.66,7.271111111000001,-7.337407407000001,10.3037037,0.144639361,2020-04-26,0.14468690805
118,-78.0,-60.0,-50.0,-84.0,-69.0,35.0,53.30333333,74.66,7.271111111000001,-7.337407407000001,10.3037037,0.1577955531333333,2020-04-27,0.1495962308
119,-77.0,-58.0,-50.0,-83.0,-71.0,35.0,53.30333333,74.66,7.271111111000001,-7.337407407000001,10.3037037,0.15976832539999994,2020-04-28,0.14840102559999999
120,-77.0,-57.0,-48.0,-83.0,-70.0,34.0,53.30333333,74.66,7.271111111000001,-7.337407407000001,10.3037037,0.16194382099999996,2020-04-29,0.1453492264
121,-82.0,-50.0,-54.0,-79.0,-69.0,34.0,53.30333333,74.66,7.271111111000001,-7.337407407000001,10.3037037,0.16637716639999994,2020-04-30,0.13977156249999997
122,-84.0,-53.0,-59.0,-82.0,-74.0,39.0,53.30333333,74.66,7.271111111000001,-7.337407407000001,10.3037037,0.14894354659999995,2020-05-01,0.1417129004
123,-84.0,-53.0,-62.0,-79.0,-58.0,30.0,53.30333333,74.66,7.271111111000001,-7.337407407000001,10.3037037,0.15253878759999998,2020-05-02,0.14676700969999998
124,-87.0,-63.0,-66.0,-81.0,-51.0,26.0,53.30333333,74.66,7.271111111000001,-7.337407407000001,10.3037037,0.13746106069999997,2020-05-03,0.14041447406666668
125,-81.0,-51.0,-53.0,-78.0,-66.0,33.0,53.30333333,74.66,7.271111111000001,-7.337407407000001,10.3037037,0.16096286619999997,2020-05-04,0.14949786623333328
126,-81.0,-48.0,-53.0,-77.0,-67.0,33.0,53.30333333,74.66,7.271111111000001,-7.337407407000001,10.3037037,0.1618307118,2020-05-05,0.13885517713333329
127,-80.0,-47.0,-52.0,-76.0,-67.0,33.0,53.30333333,74.66,7.271111111000001,-7.337407407000001,10.3037037,0.16483898419999995,2020-05-06,0.14558580089999995
128,-80.0,-47.0,-52.0,-77.0,-67.0,33.0,53.30333333,74.66,7.271111111000001,-7.337407407000001,10.3037037,0.16483898419999995,2020-05-07,0.1444021457333333
129,-80.0,-47.0,-56.0,-78.0,-65.0,36.0,53.30333333,74.66,7.271111111000001,-7.337407407000001,10.3037037,0.1642082045999999,2020-05-08,0.14514565983333327
130,-79.0,-45.0,-59.0,-75.0,-53.0,28.0,53.30333333,74.66,7.271111111000001,-7.337407407000001,10.3037037,0.17139160439999998,2020-05-09,0.15970995499999996
131,-81.0,-51.0,-61.0,-76.0,-45.0,24.0,53.30333333,74.66,7.271111111000001,-7.337407407000001,10.3037037,0.16212569025000004,2020-05-10,0.141243383
132,-78.0,-45.0,-50.0,-75.0,-63.0,33.0,53.30333333,74.66,7.271111111000001,-7.337407407000001,10.3037037,0.16266640279999994,2020-05-11,0.14273865749999995
133,-78.0,-44.0,-51.0,-75.0,-65.0,33.0,53.30333333,74.66,7.271111111000001,-7.337407407000001,10.3037037,0.16524758659999994,2020-05-12,0.13871258139999995
134,-78.0,-44.0,-51.0,-76.0,-64.0,33.0,53.30333333,74.66,7.271111111000001,-7.337407407000001,10.3037037,0.16384177439999995,2020-05-13,0.13828824819999996
135,-78.0,-44.0,-52.0,-76.0,-65.0,32.0,53.30333333,74.66,7.271111111000001,-7.337407407000001,10.3037037,0.16509712939999993,2020-05-14,0.13988008419999998
136,-80.0,-50.0,-56.0,-79.0,-64.0,35.0,53.30333333,74.66,7.271111111000001,-7.337407407000001,10.3037037,0.16310473879999995,2020-05-15,0.14045412779999997
137,-75.0,-38.0,-58.0,-72.0,-49.0,26.0,53.30333333,74.66,7.271111111000001,-7.337407407000001,10.3037037,0.19395824089999997,2020-05-16,0.15800412139999995
138,-79.0,-48.0,-61.0,-74.0,-40.0,23.0,53.30333333,74.66,7.271111111000001,-7.337407407000001,10.3037037,0.15931465805000003,2020-05-17,0.15436921140000004
139,-70.0,-33.0,-47.0,-68.0,-55.0,29.0,53.30333333,74.66,7.271111111000001,-7.337407407000001,10.3037037,0.19387330130000002,2020-05-18,0.16749446669999993
140,-71.0,-35.0,-49.0,-69.0,-58.0,29.0,53.30333333,74.66,7.271111111000001,-7.337407407000001,10.3037037,0.1858490132,2020-05-19,0.1686571464999999
141,-70.0,-34.0,-48.0,-70.0,-57.0,30.0,53.30333333,74.66,7.271111111000001,-7.337407407000001,10.3037037,0.18270755260000002,2020-05-20,0.1486119458
142,-70.0,-34.0,-48.0,-70.0,-57.0,30.0,53.30333333,74.66,7.271111111000001,-7.337407407000001,10.3037037,0.18270755260000002,2020-05-21,0.14595135239999998
143,-72.0,-37.0,-54.0,-72.0,-55.0,32.0,53.30333333,74.66,7.271111111000001,-7.337407407000001,10.3037037,0.1821823556,2020-05-22,0.1492561342
144,-73.0,-38.0,-57.0,-70.0,-42.0,25.0,53.30333333,74.66,7.271111111000001,-7.337407407000001,10.3037037,0.19805026440000004,2020-05-23,0.14824515079999998
145,-78.0,-47.0,-59.0,-73.0,-37.0,23.0,53.30333333,74.66,7.271111111000001,-7.337407407000001,10.3037037,0.1588954924,2020-05-24,0.15328118880000002
146,-70.0,-34.0,-47.0,-72.0,-65.0,32.0,53.30333333,74.66,7.271111111000001,-7.337407407000001,10.3037037,0.1793600268,2020-05-25,0.1488810004
147,-68.0,-33.0,-47.0,-67.0,-54.0,28.0,53.30333333,74.66,7.271111111000001,-7.337407407000001,10.3037037,0.1910220126,2020-05-26,0.1550380411
148,-69.0,-34.0,-46.0,-68.0,-54.0,28.0,53.30333333,74.66,7.271111111000001,-7.337407407000001,10.3037037,0.188994922,2020-05-27,0.15755689669999998
149,-69.0,-34.0,-48.0,-68.0,-54.0,29.0,53.30333333,74.66,7.271111111000001,-7.337407407000001,10.3037037,0.189305033,2020-05-28,0.16640440869999992
150,-70.0,-33.0,-52.0,-69.0,-51.0,31.0,53.30333333,74.66,7.271111111000001,-7.337407407000001,10.3037037,0.20090597359999995,2020-05-29,0.15410309430000002
151,-69.0,-32.0,-55.0,-67.0,-36.0,23.0,53.30333333,74.66,7.271111111000001,-7.337407407000001,10.3037037,0.19305920200000004,2020-05-30,0.15283870300000002
152,-74.0,-40.0,-57.0,-69.0,-30.0,21.0,53.30333333,74.66,7.271111111000001,-7.337407407000001,10.3037037,0.1887519612,2020-05-31,0.16173053740000004
153,-62.0,-21.0,-43.0,-59.0,-45.0,25.0,53.30333333,74.66,7.271111111000001,-7.337407407000001,10.3037037,0.22355036720000007,2020-06-01,0.164022796
154,-62.0,-22.0,-43.0,-59.0,-48.0,25.0,53.30333333,74.66,7.271111111000001,-7.337407407000001,10.3037037,0.22098465820000004,2020-06-02,0.1613715962
155,-62.0,-22.0,-42.0,-59.0,-48.0,25.0,53.30333333,74.66,7.271111111000001,-7.337407407000001,10.3037037,0.22098465820000004,2020-06-03,0.1605653272
156,-62.0,-22.0,-43.0,-59.0,-48.0,26.0,53.30333333,74.66,7.271111111000001,-7.337407407000001,10.3037037,0.22107695460000007,2020-06-04,0.1613341328
157,-60.0,-24.0,-46.0,-61.0,-46.0,27.0,53.30333333,74.66,7.271111111000001,-7.337407407000001,10.3037037,0.22312629180000002,2020-06-05,0.1638270968
158,-60.0,-23.0,-49.0,-59.0,-31.0,21.0,53.30333333,74.66,7.271111111000001,-7.337407407000001,10.3037037,0.2101522824,2020-06-06,0.19693111003333336
159,-65.0,-32.0,-52.0,-62.0,-24.0,20.0,53.30333333,74.66,7.271111111000001,-7.337407407000001,10.3037037,0.20562682395999995,2020-06-07,0.1390754445333333
160,-55.0,-19.0,-39.0,-56.0,-43.0,24.0,53.30333333,74.66,7.271111111000001,-7.337407407000001,10.3037037,0.22715649620000009,2020-06-08,0.15901420733333332
161,-56.0,-22.0,-40.0,-56.0,-46.0,24.0,53.30333333,74.66,7.271111111000001,-7.337407407000001,10.3037037,0.21871776420000003,2020-06-09,0.1632942663333333
162,-58.0,-24.0,-41.0,-58.0,-46.0,25.0,53.30333333,74.66,7.271111111000001,-7.337407407000001,10.3037037,0.21757369960000003,2020-06-10,0.1715407926
163,-56.0,-22.0,-41.0,-56.0,-47.0,24.0,53.30333333,74.66,7.271111111000001,-7.337407407000001,10.3037037,0.21871776420000003,2020-06-11,0.16276529799999997
164,-61.0,-27.0,-48.0,-65.0,-58.0,31.0,53.30333333,74.66,7.271111111000001,-7.337407407000001,10.3037037,0.1927736456,2020-06-12,0.16411485720000002
165,-58.0,-23.0,-49.0,-58.0,-30.0,21.0,53.30333333,74.66,7.271111111000001,-7.337407407000001,10.3037037,0.20467817700000002,2020-06-13,0.20228997203333332
166,-63.0,-31.0,-50.0,-60.0,-21.0,19.0,53.30333333,74.66,7.271111111000001,-7.337407407000001,10.3037037,0.19620667975999997,2020-06-14,0.14644233839999998
167,-51.0,-17.0,-37.0,-54.0,-41.0,23.0,53.30333333,74.66,7.271111111000001,-7.337407407000001,10.3037037,0.24061158080000006,2020-06-15,0.17116809303333333
168,-51.0,-14.0,-36.0,-53.0,-44.0,23.0,53.30333333,74.66,7.271111111000001,-7.337407407000001,10.3037037,0.26445168499999994,2020-06-16,0.19436570313333335
169,-53.0,-18.0,-37.0,-55.0,-44.0,24.0,53.30333333,74.66,7.271111111000001,-7.337407407000001,10.3037037,0.23030640260000002,2020-06-17,0.16978482733333333
170,-53.0,-26.0,-29.0,-59.0,-45.0,24.0,53.30333333,74.66,7.271111111000001,-7.337407407000001,10.3037037,0.225680809,2020-06-18,0.1740245002
171,-56.0,-29.0,-36.0,-62.0,-44.0,27.0,53.30333333,74.66,7.271111111000001,-7.337407407000001,10.3037037,0.22594499140000004,2020-06-19,0.17072812799999998
172,-52.0,-23.0,-37.0,-57.0,-26.0,19.0,53.30333333,74.66,7.271111111000001,-7.337407407000001,10.3037037,0.21754644542666668,2020-06-20,0.17398976639999997
173,-57.0,-30.0,-36.0,-60.0,-17.0,18.0,53.30333333,74.66,7.271111111000001,-7.337407407000001,10.3037037,0.20482261256000003,2020-06-21,0.15066312459999998
174,-50.0,-24.0,-25.0,-56.0,-42.0,23.0,53.30333333,74.66,7.271111111000001,-7.337407407000001,10.3037037,0.22563903740000002,2020-06-22,0.17384726755
175,-50.0,-23.0,-26.0,-55.0,-45.0,24.0,53.30333333,74.66,7.271111111000001,-7.337407407000001,10.3037037,0.2267559104,2020-06-23,0.16725778664999996
176,-52.0,-25.0,-25.0,-58.0,-45.0,24.0,53.30333333,74.66,7.271111111000001,-7.337407407000001,10.3037037,0.2214213924,2020-06-24,0.17545896030000002
177,-51.0,-24.0,-29.0,-57.0,-44.0,24.0,53.30333333,74.66,7.271111111000001,-7.337407407000001,10.3037037,0.2260779326,2020-06-25,0.17380338973333334
178,-53.0,-25.0,-34.0,-59.0,-42.0,25.0,53.30333333,74.66,7.271111111000001,-7.337407407000001,10.3037037,0.22154191200000004,2020-06-26,0.17791082840000003
179,-53.0,-25.0,-38.0,-57.0,-28.0,20.0,53.30333333,74.66,7.271111111000001,-7.337407407000001,10.3037037,0.22022967396000007,2020-06-27,0.2119838043333333
180,-61.0,-36.0,-42.0,-62.0,-21.0,18.0,53.30333333,74.66,7.271111111000001,-7.337407407000001,10.3037037,0.20025794976,2020-06-28,0.14069413526666663
181,-48.0,-22.0,-26.0,-55.0,-41.0,22.0,53.30333333,74.66,7.271111111000001,-7.337407407000001,10.3037037,0.2312281978,2020-06-29,0.18449708514999996
182,-45.0,-18.0,-26.0,-55.0,-43.0,22.0,53.30333333,74.66,7.271111111000001,-7.337407407000001,10.3037037,0.2555570482000001,2020-06-30,0.17352204535
183,-48.0,-20.0,-26.0,-57.0,-43.0,23.0,53.30333333,74.66,7.271111111000001,-7.337407407000001,10.3037037,0.2365162892,2020-07-01,0.1791441144
184,-49.0,-22.0,-28.0,-58.0,-44.0,23.0,53.30333333,74.66,7.271111111000001,-7.337407407000001,10.3037037,0.23335703040000003,2020-07-02,0.18230563840000003
185,-51.0,-24.0,-33.0,-59.0,-41.0,25.0,53.30333333,74.66,7.271111111000001,-7.337407407000001,10.3037037,0.22278788080000006,2020-07-03,0.17503086320000003
186,-52.0,-26.0,-38.0,-59.0,-27.0,20.0,53.30333333,74.66,7.271111111000001,-7.337407407000001,10.3037037,0.22206284616000005,2020-07-04,0.20645505940000003
187,-57.0,-30.0,-38.0,-62.0,-20.0,18.0,53.30333333,74.66,7.271111111000001,-7.337407407000001,10.3037037,0.22292311536000006,2020-07-05,0.14512089166666664
188,-47.0,-22.0,-26.0,-56.0,-41.0,23.0,53.30333333,74.66,7.271111111000001,-7.337407407000001,10.3037037,0.24084610360000003,2020-07-06,0.17838116954999997
189,-47.0,-20.0,-26.0,-56.0,-44.0,23.0,53.30333333,74.66,7.271111111000001,-7.337407407000001,10.3037037,0.24902192940000004,2020-07-07,0.17675347114999998
190,-49.0,-23.0,-27.0,-58.0,-43.0,23.0,53.30333333,74.66,7.271111111000001,-7.337407407000001,10.3037037,0.23326883079999994,2020-07-08,0.1850332894
191,-50.0,-25.0,-27.0,-58.0,-44.0,23.0,53.30333333,74.66,7.271111111000001,-7.337407407000001,10.3037037,0.22982010939999994,2020-07-09,0.1853425046
192,-51.0,-24.0,-34.0,-59.0,-42.0,25.0,53.30333333,74.66,7.271111111000001,-7.337407407000001,10.3037037,0.22172174540000003,2020-07-10,0.1814623462
193,-50.0,-18.0,-35.0,-57.0,-26.0,19.0,53.30333333,74.66,7.271111111000001,-7.337407407000001,10.3037037,0.22762726926666668,2020-07-11,0.18539501319999996
194,-56.0,-29.0,-36.0,-61.0,-19.0,18.0,53.30333333,74.66,7.271111111000001,-7.337407407000001,10.3037037,0.2289589102000001,2020-07-12,0.15309825466666666
195,-50.0,-26.0,-28.0,-58.0,-41.0,24.0,53.30333333,74.66,7.271111111000001,-7.337407407000001,10.3037037,0.21889605680000007,2020-07-13,0.1834796763
196,-46.0,-20.0,-25.0,-56.0,-44.0,23.0,53.30333333,74.66,7.271111111000001,-7.337407407000001,10.3037037,0.24494467840000003,2020-07-14,0.18104285254999997
197,-46.0,-20.0,-26.0,-57.0,-43.0,23.0,53.30333333,74.66,7.271111111000001,-7.337407407000001,10.3037037,0.25090482900000005,2020-07-15,0.18601503679999998
198,-45.0,-17.0,-25.0,-57.0,-43.0,23.0,53.30333333,74.66,7.271111111000001,-7.337407407000001,10.3037037,0.25348970260000003,2020-07-16,0.1799391666
199,-50.0,-21.0,-33.0,-59.0,-41.0,25.0,53.30333333,74.66,7.271111111000001,-7.337407407000001,10.3037037,0.22712155220000008,2020-07-17,0.1822778176
200,-48.0,-20.0,-35.0,-57.0,-25.0,19.0,53.30333333,74.66,7.271111111000001,-7.337407407000001,10.3037037,0.2279925441666667,2020-07-18,0.18522690579999995
201,-56.0,-29.0,-37.0,-61.0,-20.0,18.0,53.30333333,74.66,7.271111111000001,-7.337407407000001,10.3037037,0.2333475556000001,2020-07-19,0.15349238586666666
202,-46.0,-19.0,-24.0,-56.0,-40.0,23.0,53.30333333,74.66,7.271111111000001,-7.337407407000001,10.3037037,0.23746610500000004,2020-07-20,0.18267055095
203,-48.0,-23.0,-28.0,-57.0,-44.0,23.0,53.30333333,74.66,7.271111111000001,-7.337407407000001,10.3037037,0.23670904320000002,2020-07-21,0.1810557176
204,-49.0,-22.0,-26.0,-58.0,-43.0,23.0,53.30333333,74.66,7.271111111000001,-7.337407407000001,10.3037037,0.2342267958,2020-07-22,0.1873862996
205,-50.0,-23.0,-28.0,-59.0,-43.0,24.0,53.30333333,74.66,7.271111111000001,-7.337407407000001,10.3037037,0.22513734400000004,2020-07-23,0.1813985217
206,-51.0,-24.0,-32.0,-60.0,-41.0,26.0,53.30333333,74.66,7.271111111000001,-7.337407407000001,10.3037037,0.2226954398000001,2020-07-24,0.1813947022
207,-50.0,-23.0,-34.0,-57.0,-27.0,19.0,53.30333333,74.66,7.271111111000001,-7.337407407000001,10.3037037,0.2175142724666667,2020-07-25,0.21804251799999994
208,-56.0,-30.0,-36.0,-61.0,-21.0,18.0,53.30333333,74.66,7.271111111000001,-7.337407407000001,10.3037037,0.22319098480000005,2020-07-26,0.15328826186666666
209,-47.0,-22.0,-24.0,-57.0,-41.0,23.0,53.30333333,74.66,7.271111111000001,-7.337407407000001,10.3037037,0.23640150100000004,2020-07-27,0.18683453919999998
210,-48.0,-22.0,-27.0,-57.0,-44.0,23.0,53.30333333,74.66,7.271111111000001,-7.337407407000001,10.3037037,0.235170608,2020-07-28,0.183425644
211,-51.0,-25.0,-27.0,-59.0,-45.0,24.0,53.30333333,74.66,7.271111111000001,-7.337407407000001,10.3037037,0.2256812144,2020-07-29,0.1769122745
212,-47.0,-20.0,-27.0,-57.0,-45.0,23.0,53.30333333,74.66,7.271111111000001,-7.337407407000001,10.3037037,0.2516992484,2020-07-30,0.1809761794
213,-52.0,-23.0,-35.0,-65.0,-57.0,29.0,53.30333333,74.66,7.271111111000001,-7.337407407000001,10.3037037,0.20982648520000002,2020-07-31,0.30658536135714276
214,-51.0,-24.0,-37.0,-59.0,-30.0,21.0,53.30333333,74.66,7.271111111000001,-7.337407407000001,10.3037037,0.22100670700000005,2020-08-01,0.2244801471
215,-55.0,-27.0,-36.0,-60.0,-22.0,18.0,53.30333333,74.66,7.271111111000001,-7.337407407000001,10.3037037,0.22891393020000003,2020-08-02,0.16281835860000002
216,-39.0,-9.0,-19.0,-50.0,-40.0,21.0,53.30333333,74.66,7.271111111000001,-7.337407407000001,10.3037037,0.280914043,2020-08-03,0.25699318959999995
217,-55.0,-27.0,-27.0,-65.0,-48.0,26.0,53.30333333,74.66,7.271111111000001,-7.337407407000001,10.3037037,0.22135014499999997,2020-08-04,0.1803158269
218,-54.0,-27.0,-27.0,-66.0,-47.0,25.0,53.30333333,74.66,7.271111111000001,-7.337407407000001,10.3037037,0.22015623719999997,2020-08-05,0.1802111339
219,-55.0,-29.0,-28.0,-66.0,-48.0,26.0,53.30333333,74.66,7.271111111000001,-7.337407407000001,10.3037037,0.2204342586,2020-08-06,0.1832879539
220,-59.0,-34.0,-34.0,-69.0,-46.0,28.0,53.30333333,74.66,7.271111111000001,-7.337407407000001,10.3037037,0.20625061139999995,2020-08-07,0.17179826699999992
221,-56.0,-29.0,-37.0,-66.0,-31.0,21.0,53.30333333,74.66,7.271111111000001,-7.337407407000001,10.3037037,0.21264318280000008,2020-08-08,0.19714481649999993
222,-65.0,-41.0,-41.0,-69.0,-28.0,21.0,53.30333333,74.66,7.271111111000001,-7.337407407000001,10.3037037,0.18966207459999992,2020-08-09,0.172775334
223,-52.0,-25.0,-24.0,-65.0,-44.0,25.0,53.30333333,74.66,7.271111111000001,-7.337407407000001,10.3037037,0.21770650299999997,2020-08-10,0.18072153589999998
224,-53.0,-27.0,-25.0,-64.0,-47.0,25.0,53.30333333,74.66,7.271111111000001,-7.337407407000001,10.3037037,0.22116237819999998,2020-08-11,0.1794068717
225,-54.0,-27.0,-25.0,-66.0,-46.0,25.0,53.30333333,74.66,7.271111111000001,-7.337407407000001,10.3037037,0.2201772826,2020-08-12,0.17969419609999998
226,-55.0,-28.0,-27.0,-66.0,-47.0,26.0,53.30333333,74.66,7.271111111000001,-7.337407407000001,10.3037037,0.22004373339999997,2020-08-13,0.18198065870000002
227,-54.0,-26.0,-31.0,-66.0,-44.0,27.0,53.30333333,74.66,7.271111111000001,-7.337407407000001,10.3037037,0.22323625559999996,2020-08-14,0.18524514160000002
228,-54.0,-24.0,-34.0,-64.0,-29.0,21.0,53.30333333,74.66,7.271111111000001,-7.337407407000001,10.3037037,0.21282860240000004,2020-08-15,0.21115885709999996
229,-61.0,-34.0,-37.0,-67.0,-25.0,19.0,53.30333333,74.66,7.271111111000001,-7.337407407000001,10.3037037,0.19751837539999997,2020-08-16,0.15642644519999999
230,-52.0,-24.0,-24.0,-64.0,-43.0,25.0,53.30333333,74.66,7.271111111000001,-7.337407407000001,10.3037037,0.21915938399999998,2020-08-17,0.1805436709
231,-54.0,-27.0,-26.0,-63.0,-45.0,25.0,53.30333333,74.66,7.271111111000001,-7.337407407000001,10.3037037,0.22079212119999997,2020-08-18,0.1776574833
232,-50.0,-23.0,-24.0,-59.0,-44.0,23.0,53.30333333,74.66,7.271111111000001,-7.337407407000001,10.3037037,0.22939029679999998,2020-08-19,0.18196790279999997
233,-48.0,-22.0,-25.0,-57.0,-44.0,23.0,53.30333333,74.66,7.271111111000001,-7.337407407000001,10.3037037,0.231093357,2020-08-20,0.18340872779999998
234,-53.0,-26.0,-32.0,-65.0,-56.0,29.0,53.30333333,74.66,7.271111111000001,-7.337407407000001,10.3037037,0.21024497899999997,2020-08-21,0.31069273675714276
235,-51.0,-25.0,-33.0,-60.0,-28.0,20.0,53.30333333,74.66,7.271111111000001,-7.337407407000001,10.3037037,0.21811545900000007,2020-08-22,0.21346981919999997
236,-56.0,-31.0,-34.0,-61.0,-21.0,18.0,53.30333333,74.66,7.271111111000001,-7.337407407000001,10.3037037,0.21922962900000006,2020-08-23,0.15616855779999997
237,-46.0,-21.0,-21.0,-56.0,-40.0,22.0,53.30333333,74.66,7.271111111000001,-7.337407407000001,10.3037037,0.24230871470000004,2020-08-24,0.20069962554999995
238,-46.0,-20.0,-22.0,-56.0,-43.0,23.0,53.30333333,74.66,7.271111111000001,-7.337407407000001,10.3037037,0.24500889150000005,2020-08-25,0.19100293394999998
239,-48.0,-22.0,-22.0,-57.0,-42.0,23.0,53.30333333,74.66,7.271111111000001,-7.337407407000001,10.3037037,0.2256486769,2020-08-26,0.1921289032
240,-48.0,-22.0,-23.0,-58.0,-42.0,23.0,53.30333333,74.66,7.271111111000001,-7.337407407000001,10.3037037,0.22762300289999998,2020-08-27,0.1866919706
241,-49.0,-23.0,-28.0,-59.0,-41.0,24.0,53.30333333,74.66,7.271111111000001,-7.337407407000001,10.3037037,0.22025374460000005,2020-08-28,0.18011978509999998
242,-47.0,-21.0,-31.0,-55.0,-26.0,18.0,53.30333333,74.66,7.271111111000001,-7.337407407000001,10.3037037,0.25315209906666675,2020-08-29,0.20237186194999995
243,-53.0,-27.0,-32.0,-58.0,-20.0,16.0,53.30333333,74.66,7.271111111000001,-7.337407407000001,10.3037037,0.2233668680000001,2020-08-30,0.1673029882
244,-47.0,-22.0,-20.0,-63.0,-58.0,26.0,53.30333333,74.66,7.271111111000001,-7.337407407000001,10.3037037,0.229659387,2020-08-31,0.3238869752571428
245,-44.0,-19.0,-21.0,-54.0,-42.0,21.0,53.30333333,74.66,7.271111111000001,-7.337407407000001,10.3037037,0.2510960903000001,2020-09-01,0.19248565905
246,-47.0,-22.0,-22.0,-57.0,-42.0,22.0,53.30333333,74.66,7.271111111000001,-7.337407407000001,10.3037037,0.24007156250000006,2020-09-02,0.20280420539999994
247,-48.0,-24.0,-24.0,-58.0,-42.0,22.0,53.30333333,74.66,7.271111111000001,-7.337407407000001,10.3037037,0.22879532020000004,2020-09-03,0.1966192086
248,-49.0,-24.0,-30.0,-60.0,-40.0,24.0,53.30333333,74.66,7.271111111000001,-7.337407407000001,10.3037037,0.21660230680000006,2020-09-04,0.1812256048
249,-47.0,-22.0,-31.0,-57.0,-26.0,18.0,53.30333333,74.66,7.271111111000001,-7.337407407000001,10.3037037,0.24614065286666675,2020-09-05,0.19077758319999993
250,-53.0,-28.0,-31.0,-58.0,-21.0,17.0,53.30333333,74.66,7.271111111000001,-7.337407407000001,10.3037037,0.22520108880000012,2020-09-06,0.17644770699999998
251,-46.0,-24.0,-22.0,-57.0,-41.0,22.0,53.30333333,74.66,7.271111111000001,-7.337407407000001,10.3037037,0.2393557171000001,2020-09-07,0.20205463799999998
252,-44.0,-19.0,-21.0,-55.0,-43.0,22.0,53.30333333,74.66,7.271111111000001,-7.337407407000001,10.3037037,0.25031630830000007,2020-09-08,0.18784469435
253,-48.0,-24.0,-22.0,-58.0,-43.0,22.0,53.30333333,74.66,7.271111111000001,-7.337407407000001,10.3037037,0.23177027409999998,2020-09-09,0.2031519754
254,-47.0,-23.0,-21.0,-58.0,-42.0,21.0,53.30333333,74.66,7.271111111000001,-7.337407407000001,10.3037037,0.24863309230000002,2020-09-10,0.20693935859999996
255,-48.0,-23.0,-25.0,-59.0,-40.0,23.0,53.30333333,74.66,7.271111111000001,-7.337407407000001,10.3037037,0.22261523640000003,2020-09-11,0.18241494219999999
256,-46.0,-20.0,-27.0,-55.0,-25.0,17.0,53.30333333,74.66,7.271111111000001,-7.337407407000001,10.3037037,0.2612604478000001,2020-09-12,0.20456672964999995
257,-50.0,-25.0,-25.0,-57.0,-18.0,15.0,53.30333333,74.66,7.271111111000001,-7.337407407000001,10.3037037,0.22059124500000013,2020-09-13,0.1671167539
258,-44.0,-21.0,-18.0,-57.0,-37.0,21.0,53.30333333,74.66,7.271111111000001,-7.337407407000001,10.3037037,0.24499337850000003,2020-09-14,0.1961336004
259,-44.0,-18.0,-22.0,-55.0,-41.0,22.0,53.30333333,74.66,7.271111111000001,-7.337407407000001,10.3037037,0.24526710210000005,2020-09-15,0.18866419675000004
260,-44.0,-16.0,-22.0,-55.0,-40.0,22.0,53.30333333,74.66,7.271111111000001,-7.337407407000001,10.3037037,0.2608620745000001,2020-09-16,0.19046906385
261,-46.0,-20.0,-22.0,-57.0,-40.0,22.0,53.30333333,74.66,7.271111111000001,-7.337407407000001,10.3037037,0.24038552790000003,2020-09-17,0.20280420539999994
262,-47.0,-21.0,-27.0,-58.0,-38.0,25.0,53.30333333,74.66,7.271111111000001,-7.337407407000001,10.3037037,0.23271098960000003,2020-09-18,0.2025753413
263,-45.0,-20.0,-27.0,-54.0,-24.0,18.0,53.30333333,74.66,7.271111111000001,-7.337407407000001,10.3037037,0.2675977262000001,2020-09-19,0.17222729415
264,-49.0,-23.0,-27.0,-56.0,-17.0,16.0,53.30333333,74.66,7.271111111000001,-7.337407407000001,10.3037037,0.23292109240000006,2020-09-20,0.15946267005
265,-44.0,-21.0,-20.0,-56.0,-39.0,22.0,53.30333333,74.66,7.271111111000001,-7.337407407000001,10.3037037,0.2488349947,2020-09-21,0.18879241195000007
266,-46.0,-21.0,-23.0,-55.0,-41.0,22.0,53.30333333,74.66,7.271111111000001,-7.337407407000001,10.3037037,0.24203070650000005,2020-09-22,0.19136800755
267,-50.0,-24.0,-27.0,-57.0,-41.0,23.0,53.30333333,74.66,7.271111111000001,-7.337407407000001,10.3037037,0.22752210800000003,2020-09-23,0.18288324720000002
268,-50.0,-24.0,-29.0,-58.0,-41.0,23.0,53.30333333,74.66,7.271111111000001,-7.337407407000001,10.3037037,0.22615991060000007,2020-09-24,0.18521300970000001
269,-50.0,-23.0,-33.0,-59.0,-39.0,25.0,53.30333333,74.66,7.271111111000001,-7.337407407000001,10.3037037,0.21882872860000005,2020-09-25,0.18068010780000002
270,-48.0,-20.0,-31.0,-54.0,-24.0,19.0,53.30333333,74.66,7.271111111000001,-7.337407407000001,10.3037037,0.23143438746666672,2020-09-26,0.17955643754999998
271,-51.0,-24.0,-28.0,-55.0,-18.0,17.0,53.30333333,74.66,7.271111111000001,-7.337407407000001,10.3037037,0.2304355008000001,2020-09-27,0.18821324444999996
272,-46.0,-20.0,-25.0,-55.0,-37.0,23.0,53.30333333,74.66,7.271111111000001,-7.337407407000001,10.3037037,0.23040702540000005,2020-09-28,0.18138394174999997
273,-47.0,-20.0,-28.0,-55.0,-41.0,23.0,53.30333333,74.66,7.271111111000001,-7.337407407000001,10.3037037,0.24835363520000006,2020-09-29,0.18250773454999997
274,-45.0,-14.0,-27.0,-54.0,-40.0,21.0,53.30333333,74.66,7.271111111000001,-7.337407407000001,10.3037037,0.2649762166000001,2020-09-30,0.1978068272
275,-46.0,-15.0,-31.0,-55.0,-40.0,20.0,53.30333333,74.66,7.271111111000001,-7.337407407000001,10.3037037,0.26446107746666675,2020-10-01,0.20076973554999994
276,-48.0,-17.0,-35.0,-56.0,-38.0,22.0,53.30333333,74.66,7.271111111000001,-7.337407407000001,10.3037037,0.23697119660000004,2020-10-02,0.18931577524999998
277,-46.0,-17.0,-35.0,-52.0,-26.0,16.0,53.30333333,74.66,7.271111111000001,-7.337407407000001,10.3037037,0.25685682276666666,2020-10-03,0.18335293215
278,-49.0,-19.0,-30.0,-52.0,-20.0,14.0,53.30333333,74.66,7.271111111000001,-7.337407407000001,10.3037037,0.2288978514666667,2020-10-04,0.15951695475000002
279,-45.0,-17.0,-28.0,-54.0,-38.0,19.0,53.30333333,74.66,7.271111111000001,-7.337407407000001,10.3037037,0.25540737186666673,2020-10-05,0.18740927435000004
280,-45.0,-16.0,-30.0,-53.0,-41.0,20.0,53.30333333,74.66,7.271111111000001,-7.337407407000001,10.3037037,0.2714991668666667,2020-10-06,0.18802690115
281,-49.0,-21.0,-31.0,-56.0,-40.0,21.0,53.30333333,74.66,7.271111111000001,-7.337407407000001,10.3037037,0.22737359826666673,2020-10-07,0.19239560144999998
282,-49.0,-21.0,-29.0,-56.0,-39.0,22.0,53.30333333,74.66,7.271111111000001,-7.337407407000001,10.3037037,0.2310389568,2020-10-08,0.18925893665000001
283,-49.0,-20.0,-33.0,-57.0,-36.0,24.0,53.30333333,74.66,7.271111111000001,-7.337407407000001,10.3037037,0.2192036638000001,2020-10-09,0.18262038240000003
284,-47.0,-19.0,-34.0,-53.0,-22.0,18.0,53.30333333,74.66,7.271111111000001,-7.337407407000001,10.3037037,0.2486878336666667,2020-10-10,0.18737235754999998
285,-54.0,-27.0,-36.0,-57.0,-18.0,17.0,53.30333333,74.66,7.271111111000001,-7.337407407000001,10.3037037,0.22508584180000007,2020-10-11,0.17639092479999996
286,-48.0,-22.0,-29.0,-55.0,-37.0,22.0,53.30333333,74.66,7.271111111000001,-7.337407407000001,10.3037037,0.22818868000000003,2020-10-12,0.18908217665
287,-46.0,-18.0,-29.0,-53.0,-39.0,23.0,53.30333333,74.66,7.271111111000001,-7.337407407000001,10.3037037,0.24858584140000006,2020-10-13,0.18553153945
288,-51.0,-25.0,-35.0,-57.0,-40.0,24.0,53.30333333,74.66,7.271111111000001,-7.337407407000001,10.3037037,0.21462546680000005,2020-10-14,0.17891219153333335
289,-45.0,-14.0,-32.0,-53.0,-38.0,23.0,53.30333333,74.66,7.271111111000001,-7.337407407000001,10.3037037,0.2742307772,2020-10-15,0.19296228680000002
290,-45.0,-13.0,-34.0,-53.0,-35.0,24.0,53.30333333,74.66,7.271111111000001,-7.337407407000001,10.3037037,0.31662964740000005,2020-10-16,0.1881681356
291,-43.0,-12.0,-32.0,-49.0,-22.0,18.0,53.30333333,74.66,7.271111111000001,-7.337407407000001,10.3037037,0.2881291772666667,2020-10-17,0.19046687519999994
292,-47.0,-18.0,-31.0,-52.0,-16.0,16.0,53.30333333,74.66,7.271111111000001,-7.337407407000001,10.3037037,0.2495251148666667,2020-10-18,0.17487365454999998
293,-44.0,-17.0,-29.0,-53.0,-35.0,22.0,53.30333333,74.66,7.271111111000001,-7.337407407000001,10.3037037,0.2680839622,2020-10-19,0.18223617705000006
294,-50.0,-26.0,-36.0,-55.0,-41.0,24.0,53.30333333,74.66,7.271111111000001,-7.337407407000001,10.3037037,0.21814658420000005,2020-10-20,0.17598002294999998
295,-46.0,-18.0,-30.0,-56.0,-38.0,22.0,53.30333333,74.66,7.271111111000001,-7.337407407000001,10.3037037,0.2380096220000001,2020-10-21,0.19197462965
296,-45.0,-17.0,-26.0,-54.0,-37.0,21.0,53.30333333,74.66,7.271111111000001,-7.337407407000001,10.3037037,0.257935813,2020-10-22,0.18309502484999998
297,-46.0,-18.0,-30.0,-56.0,-35.0,22.0,53.30333333,74.66,7.271111111000001,-7.337407407000001,10.3037037,0.2438176020000001,2020-10-23,0.18911419585
298,-43.0,-13.0,-27.0,-51.0,-20.0,16.0,53.30333333,74.66,7.271111111000001,-7.337407407000001,10.3037037,0.2796714514,2020-10-24,0.18783002479999997
299,-50.0,-23.0,-31.0,-55.0,-17.0,15.0,53.30333333,74.66,7.271111111000001,-7.337407407000001,10.3037037,0.22707814046666674,2020-10-25,0.17757490214999996
300,-49.0,-25.0,-30.0,-59.0,-42.0,21.0,53.30333333,74.66,7.271111111000001,-7.337407407000001,10.3037037,0.22819599760000003,2020-10-26,0.1969204301
301,-42.0,-14.0,-23.0,-51.0,-38.0,19.0,53.30333333,74.66,7.271111111000001,-7.337407407000001,10.3037037,0.2807664216,2020-10-27,0.27016299779999997
